Cím,YouTube link,Közzététel dátuma,Leírás,Összefoglaló
Kinek épülne a Mini Dubaj?; Tusk: “Orbán Putyin csapatában játszik” | Önkényes Mérvadó #983,https://www.youtube.com/watch?v=HCND_jzdmHw,2025-01-29T08:00:06Z,"Iratkozz fel a csatornára, és ha teheted, támogasd itt az Önkényes Mérvadót:
https://www.donably.com/szelsokozep

00:00 Kinek épülne a Mini Dubaj?;
37:33 Tusk: “Orbán Putyin csapatában játszik”

Műsorvezetők: Puzsér Róbert, Boros Tamás, Borsi Bálint
Szerkesztő: Rónyai Júlia
Felvétel: 2025.01.28.

YouTube: https://www.youtube.com/@szelsokozepprodukcio
Facebook: https://www.facebook.com/onkenyes
Web: https://onkenyes.hu/",**Összefoglaló**  Magyarország az eredeti tervek szerint vétózni akart az Oroszország elleni szankciók meghosszabbítása ellen  azonban az Európai Bizottság ígéretet tett Magyarország energiaellátásának biztonságára  így Magyarország megszavazta a szankciók meghosszabbítását.  A szankciók meghosszabbításáról szóló vita az Egyesült Államok húzta az időt  Orbánt azzal vádolva  hogy Putyin oldalán áll a háborúban  mire Magyarország biztosítékot kért Ukrajnától az energiaellátás fenntartására.  A Magyarországgal kötött megállapodás szerint az Európai Bizottság elkötelezte magát a földgáz- és kőolajvezetékek védelme mellett  és Ukrajnától is biztosítékot kért a kőolajszállítások fenntartására.  A Fidesz ehelyett a hazai energiabiztonságra összpontosított  mondván  nem hajlandóak tovább fizetni mások háborújának árát.  Donald Trump korábbi amerikai elnök támogatásával Magyarország megerősödött nemzetközi pozícióra tett szert  azonban Trump multilaterális világellenes politikája veszélybe sodorhatja Magyarország uniós kapcsolatát.  Kína hatalma növekszik  ami aggodalomra ad okot Magyarország és az Egyesült Államok számára egyaránt.  Habár az ukrán háborúról még nem született béke  Oroszország már veszteségeket szenvedett  míg Ukrajna még nem hajlandó lemondani Kelet-Ukrajna egyes részeiről.
Trump woke- és migránsellenes intézkedése; ellehetetleníti a transzneműeket? | Önkényes Mérvadó #982,https://www.youtube.com/watch?v=sKc6Cb85V6s,2025-01-26T15:00:06Z,"Iratkozz fel a csatornára, és ha teheted, támogasd itt az Önkényes Mérvadót:
https://www.donably.com/szelsokozep

00:00 Trump woke- és migránsellenes intézkedései
59:07 Nemekre vonatkozó rendelkezés

Műsorvezetők: Puzsér Róbert, Horváth Oszkár, Egri Viktor
Szerkesztő: Rónyai Júlia
Felvétel: 2025.01.24.

YouTube: https://www.youtube.com/@szelsokozepprodukcio
Facebook: https://www.facebook.com/onkenyes
Web: https://onkenyes.hu/","Az altright és a trumpi Amerika összeomlására vonatkozóan: - A v-kultúrát le kell mosni a szennyvízcsatornán. - Trump országos vészhelyzetet hirdetett az amerikai-mexikói határon. - Trump kilépett a párizsi klímaegyezményből  és elindította az Egészségügyi Világszervezetből való kilépési folyamatot. - Trump minden liberális világszerte félelmet keltett  és teljes bénultságot okozott a liberális térfélen. - Orbánt a magyar alkotmány egy túlterhelt rendszer okozta csalásnak tekinti  míg Trump szerint a választási csalás egy hazugság  amely egy egész nemzetet oszt meg. - A trumpi Amerika egy Ronald Reagan által vízionált ország újragondolása inkább  mintsem Obama államától való visszalépés. - Trump elődjeivel ellentétben újra az egyesült államok elnöke lett  annak ellenére  hogy mindenki biztosra vette  hogy elveszíti a választást. - A demokraták nem tudták  hogyan kezeljék ezt a váratlan helyzetet  ami azt eredményezte  hogy egy megosztott és zavaros párt lett belőlük. - A trumpizmus és a hagyományos konzervativizmus közötti különbség az  hogy az utóbbi a demokratákkal együtt alkották a liberális konszenzust  míg a trumpizmus ezt a konszenzust elutasítja. - Trump ezt a liberális konszenzust támadja meg ugyanúgy  ahogy a v-kultúra teszi ezt is  és a támadások főként az illegális bevándorlásra és a homofóbiára összpontosítanak. - Trump nem fogja eltüntetni a migrációt  ahogyan a liberálisok sem fogják eltávolítani a v-kultúrát. - Ahogyan a magyarországi rendszerépítés 2010-ben Orbán hatalomátvételéhez vezetett  úgy Trump hatalomátvétele 2024-ben az altright győzelméhez vezethet. - Trumpnak hasonló módon kell megsemmisülnie  mint a v-kultúrának  mivel ha ezt a két erőt nem állítják meg  az teljes körű pusztuláshoz vezethet. - Trump ellen két merénylet történt  amely hozzájárult megválasztásához  mert az amerikaiak úgy érezték  hogy bármi áron meg kell akadályozni  hogy Trump megváltoztassa az országot. - Trump második ciklusa sokkal nagyobb felhatalmazással és legitimitással rendelkezik  ami további merényletekhez vezethet. - Trump hatalomra jutását a techszektor és a vagyonos elit támogatta  akik saját gazdasági érdekeikből kifolyólag támogatták őt. - A két merénylet elkövetői nem voltak liberálisok  ami azt jelzi  hogy ezek a merényletek a trumpizmus csalódott híveinek tettei voltak. - Trump folyamatosan növeli a feszültséget a bevándorlás kérdésével kapcsolatban  ami hosszú távon súlyos ártalmat okozhat az Egyesült Államoknak. - Trump támogatói szerint a demokrácia és a alkotmány most már nem érvényes  mivel Trump a ""háttérhatalmat"" előtérbe hozta. - Trump aláássa az amerikai alkotmányt azzal  hogy elnöki rendelettel akarja megváltoztatni a születés alapján járó állampolgárságot  és ez a lépés veszélyezteti a demokráciát. - A transzneműek nem alkotnak harmadik nemet  hanem nemi zavarban szenvednek  és a transzneműség politikává változtatása súlyos következményekkel jár. - Az altright és a transzneműek közötti hasonlóság az  hogy mindkét csoportot a liberálisok túlzott toleranciája bátorította fel  és mindkét csoport meghamisítja a valóságot. - Trump megpróbálja elrejteni a transzneműség problémáját azáltal  hogy a transzneműeket visszaszorítja a férfi és női kategóriákba  de ez nem oldja meg a problémát  és újabb feszültségeket teremt."
Biró Ferenc tüske Rogán körme alatt; Majka helyezkedik?; Igazság vs. mítosz | Önkényes Mérvadó #981,https://www.youtube.com/watch?v=vTcQPcCHNAY,2025-01-23T17:00:06Z,"Iratkozz fel a csatornára, és ha teheted, támogasd itt az Önkényes Mérvadót:
https://www.donably.com/szelsokozep

00:00 Biró Ferenc tüske lett Rogán körme alatt: megkezdődött a nyilvános lejáratás
30:47 Változik a széljárás, Majka fordított a köpönyegén
56:45 Mi a fontosabb: az igazság vagy a mítosz?

Műsorvezetők: Puzsér Róbert, Horváth Oszkár, Kovács 4 Zoli
Szerkesztő: Czifrus Réka
Felvétel: 2025.01.21.

YouTube: https://www.youtube.com/@szelsokozepprodukcio
Facebook: https://www.facebook.com/onkenyes
Web: https://onkenyes.hu/",A szöveg arról értekezik  hogy a történelmi mítoszok fontosabbak lehetnek  mint a történelmi tények  mert az előbbiek az értékeket és a helyes viselkedést tanítják. A tények önmagukban nem elegendőek a helyes cselekvéshez  míg a mítoszok (amelyek gyakran legendákat és történeteket tartalmaznak) segítik a helyes értékek és viselkedésmódok megértését és átadását.  A mítoszok és a valóság eredetileg eltérhetnek  de a mítoszok idővel igazsággá válnak  mert elfogadják és továbbítják őket az emberek. A mítoszok képesek befolyásolni az embereket  és akár társadalmi normákat is létrehozhatnak. A mítoszok tehát fontosak az egyéni és társadalmi identitás  valamint a helyes viselkedés alakítása szempontjából.
Orosz frontkatonák között; A fekete kert; Államcsíny zenei aláfestéssel | Önkényes Mérvadó #980,https://www.youtube.com/watch?v=g98rr4CRbvM,2025-01-22T15:00:06Z,"https://bidf.hu/ - Itt találod a Budapesti Nemzetközi Dokumentumfilm Fesztivál vetítési időpontjait, helyszíneit, és a filmek listáját.

Iratkozz fel a csatornára, és ha teheted, támogasd itt az Önkényes Mérvadót:
https://www.donably.com/szelsokozep

00:00 Orosz frontkatonák között
30:47 A fekete kert
55:54 Államcsíny zenei aláfestéssel

Műsorvezetők: Puzsér Róbert, Horváth Oszkár, Farkas Attila Márton
Szerkesztő: Czifrus Réka
Felvétel: 2025.01.21.

YouTube: https://www.youtube.com/@szelsokozepprodukcio
Facebook: https://www.facebook.com/onkenyes
Web: https://onkenyes.hu/",**Orosz frontkatonák között:**  * Dokumentumfilm Anasztázia Tropimova orosz-kanadai fiatalfilmrendezőtől. * A fronton küzdő orosz katonák életét és történeteit mutatja be. * A film az orosz hadseregben uralkodó fegyelmezetlenségről  korrupcióról és embertelenségről szól.  **Fekete kert:**  * Örmény falusiak történetét mutatja be  akik háborús zónában élnek. * A film a háború hatását az örmények életére  otthonaikra és kultúrájukra vizsgálja.  **Államcsíny zenei aláfestéssel:**  * Kongó függetlenségének történetét meséli el  kiemelten kezelve az Egyesült Államok és más nyugati hatalmak szerepét. * A film a jazz zenészeket mutatja be  akiket a CIA felhasznál a kongói uralom védelmére.  **Hozzászólások:**  * A filmek megrendítő képet festenek a konfliktusok és háborúk okozta szenvedésekről. * Szó esik a katonaság fegyelmezetlenségéről  a hatalom korrupciójáról és a háború pusztításáról. * A filmek kiemelik a nyugati hatalmak szerepét a konfliktusokban  és a jazz zenészek felhasználását az amerikai érdekek előmozdítására.
Magyar Péter az új Károlyi Mihály?; Orbán nem megy Trump beiktatására - Önkényes Mérvadó #979,https://www.youtube.com/watch?v=-dJf34bxILw,2025-01-21T15:00:06Z,"Iratkozz fel a csatornára, és ha teheted, támogasd itt az Önkényes Mérvadót:
https://www.donably.com/szelsokozep

00:00 Magyar Péter az új Károlyi Mihály?
44:58 Orbán nem megy Trump beiktatására

Műsorvezetők: Puzsér Róbert, Horváth Oszkár, Csunderlik Péter
Szerkesztő: Rónyai Júlia
Felvétel: 2025.01.17.

YouTube: https://www.youtube.com/@szelsokozepprodukcio
Facebook: https://www.facebook.com/onkenyes
Web: https://onkenyes.hu/",* Kormányközeli média: orbánviktori propaganda; magyar kormánypropaganda * Független sajtó: nyugati hírek; külügyminisztériumi sajtóközlemény * Egyéb források: Heti Válasz; Magyar Nemzet; Index; Politico; Foreign Policy; V4NA; Szabadeurópa.hu
Magyar-Gulyás csörte; Leáll a tényellenőrzéssel a Meta; Meghalt David Lynch | Önkényes Mérvadó #978,https://www.youtube.com/watch?v=BGIXR7xf8R8,2025-01-20T07:00:06Z,"Iratkozz fel a csatornára, és ha teheted, támogasd itt az Önkényes Mérvadót:
https://www.donably.com/szelsokozep

00:00 Magyar-Gulyás csörte
34:06 Leáll a tényellenőrzéssel a Meta
1:00:12 Meghalt David Lynch

Műsorvezetők: Puzsér Róbert, Horváth Oszkár, Boros Tamás
Szerkesztő: Czifrus Réka
Felvétel: 2025.01.17.

YouTube: https://www.youtube.com/@szelsokozepprodukcio
Facebook: https://www.facebook.com/onkenyes
Web: https://onkenyes.hu/","A szöveg a következő témákat tárgyalja:  * Orbán Viktor és Gulyás Gergely konfliktusa * A Fidesz kettős beszéde a korrupcióról * Mark Zuckerberg a Facebookon bevezetett változásokról * David Lynch filmjeinek értelmezése és hatása  **Orbán Viktor és Gulyás Gergely konfliktusa**  * Gulyás Gergely ""árulónak"" nevezte Magyar Pétert  aki a miniszterelnök személyes tisztességét kérdőjelezte meg. * Magyar Péter azzal vádolta a minisztert  hogy keresztény ember létére elárulja a gyerekeket. * A konfliktus középpontjában a Fidesz korrupciós ügyekkel kapcsolatos álláspontja áll. * Magyar Péter szerint Gulyás asszisztál a közpénzek ellopásához  míg a kormány szerint ártatlanok és az ország jövőképét védik.  **A Fidesz kettős beszéde a korrupcióról**  * A Fidesz a korrupció elleni harcot hirdeti  de a szöveg kiemeli  hogy a párt számos korrupciós botrányba keveredett. * A szerző szerint a Fidesz megpróbálja eloszlatni a közpénzek feletti ellenőrzésükkel kapcsolatos aggályokat azzal  hogy az ellenzéket korrupcióval vádolják. * A szöveg azt is kiemeli  hogy a Fidesz-kormány a korrupciót csökkentő intézkedések bevezetésével ellentétes intézkedéseket hozott.  **Mark Zuckerberg a Facebookon bevezetett változásokról**  * A Facebook megszünteti a diverzitás  egyenlőség és befogadás (DEI) programját. * Zuckerberg szerint a DEI kifejezés negatív értelmet kapott  és a programok bizonyos csoportokat részesítenek előnyben másokkal szemben. * A szerző szerint Zuckerberg lépése a DEI iránti elkötelezettségének hiányát tükrözi  és összefügg Donald Trump hatalomra jutásával. * A szerző azt is kiemeli  hogy a Facebook a tényellenőrzési programját is megszünteti  ami azt sugallja  hogy Zuckerberg nem hisz a tényellenőrzésben.  **David Lynch filmjeinek értelmezése és hatása**  * David Lynch filmjei kaotikus és zavaros világképeket fejeznek ki. * A szöveg kiemeli Lynch hatását a filmnyelvre  különösen az álomszerű képalkotásra és a szürrealizmus használatára. * A szerző szerint Lynch filmjeinek nincsenek egyértelmű megfejtései  és a szorongás és félelem kiváltására törekszik  hogy elvezesse a nézőket a transzcendenciába. * A szöveg megjegyzi  hogy Lynch a transzcendentális meditáció gyakorlója volt  és filmjeiben a zavarosság és a harmónia közötti finom egyensúly jelenik meg."
Véget érhet a gázai konfliktus?; Működni fog-e a “magyarpéterség” ‘26 után? | Önkényes Mérvadó #977,https://www.youtube.com/watch?v=ip9xZrcv8ek,2025-01-17T18:00:06Z,"Iratkozz fel a csatornára, és ha teheted, támogasd itt az Önkényes Mérvadót:
https://www.donably.com/szelsokozep

00:00 Tűzszüneti megállapodást kötött Izrael és a Hamász
28:57 Magyar Péter marad EP képviselő; Működni fog-e a “magyarpéterség” ‘26 után?

Műsorvezetők: Puzsér Róbert, Horváth Oszkár, Béndek Ábris
Szerkesztő: Czifrus Réka
Felvétel: 2025.01.16.

YouTube: https://www.youtube.com/@szelsokozepprodukcio
Facebook: https://www.facebook.com/onkenyes
Web: https://onkenyes.hu/",Izrael  a 20. század emlékezete vagy zárványa  ami a 20. században a Nyugat volt:  * erős és érvényes ellenzéki narratívák * a Fidesz kulturális jegyei  Ez a robbanókeverék létrehozta a magyar péterséget  amely jelenleg működik.  Magyarország a Fidesz zsarnoksága alatt áll  amely a következőkre épít:  * Orbán Viktor és rendszere mindent feltett egy lapra. * Az ellenzék vádjai a kormány korrupciójáról kultúrharcnak minősülnek.  Magyarország a közelmúltban a következő folyamatokat élte át:  * A Hamasz és Izrael közötti háború befejeződött. * Az ellenzék a tüntetéseken folytatja a kormány elleni küzdelmet.  Nyugaton a következő változások zajlanak:  * A nyugati nemzetek befolyása csökken. * A politikai napotenciál Kelet felé tolódik el. * Európa a biztonsági aggodalmaira koncentrál  nem az ukrajnai konfliktusra.  Az izraeli-hamaszi háború két fontos tanulságot hagyott maga után:  * Izrael a közel-keleti válság utolsó reménye. * Az iszlamista szervezetek  mint például a Hamasz  nem legyőzhetetlenek.  Ebből az összefoglaló szövegből a következőket nevezhetjük ki főbb pontoknak:  * A magyar péterség a Fidesz kulturális jegyeivel párosult ellenzéki narratívák eredménye. * A Fidesz rendszere autokratikus  amely az ellenzéket elhallgattatja és a korrupciót elrejti. * A magyar ellenzék folytatja a küzdelmet a tüntetéseken. * Izrael a közel-keleti konfliktusban a nyugati értékek utolsó védvonala. * A nyugati befolyás csökken  miközben a biztonsági aggodalmaik Kelet felé tolódnak.
Orbán Indiában; Trump annektálná Kanadát és Grönlandot; Haszontalan shortok | Önkényes Mérvadó #976,https://www.youtube.com/watch?v=kpRlECs3Nhs,2025-01-15T17:00:06Z,"""Iratkozz fel a csatornára, és ha teheted, támogasd itt az Önkényes Mérvadót:
https://www.donably.com/szelsokozep

00:00 Orbán Indiában nyaral
21:11 Trump annektálná Kanadát és Grönlandot
45:28 Lifehack short videók nem létező problémákra

Műsorvezetők: Puzsér Róbert, Horváth Oszkár
Szerkesztő: Czifrus Réka
Felvétel: 2025.01.10.

YouTube: https://www.youtube.com/@szelsokozepprodukcio
Facebook: https://www.facebook.com/onkenyes
Web: https://onkenyes.hu/""","A videó kiemeli  hogy a ""mélyreható figyelemzavar"" és az ""adhd-ba torkolló"" tartalomfogyasztás elterjedőben van. A gyorsan váltó  rövid formátumú tartalmak  mint a TikTok és Instagram Shorts  negatívan befolyásolják a figyelemfelkeltést és a hosszabb idejű tartalmak  például filmek élvezetét akadályozzák meg. A folyamatosan változó ingerlések és a hasznosnak látszó  de valójában nem hasznos tartalmak gyártása az önbecsülés érzetét is negatívan befolyásolja  mivel az emberek olyan fiktív problémákra keresnek megoldásokat  amelyek valójában nem léteznek. Ezek a tartalmak a kreativitás illúzióját keltik  de valójában csökkentik a tényleges termelékenységet  mivel az emberek időt és erőfeszítést pazarolnak lényegtelen dolgokra."
Szankciók Rogán ellen; Bayer nekiment Fábrynak | Önkényes Mérvadó #975,https://www.youtube.com/watch?v=6BygnjTbd0E,2025-01-13T17:00:06Z,"Iratkozz fel a csatornára, és ha teheted, támogasd itt az Önkényes Mérvadót:
https://www.donably.com/szelsokozep

Műsorvezetők: Puzsér Róbert, Horváth Oszkár, Magyar Dávid 
Szerkesztő: Rónyai Júlia  
Felvétel: 2025.01.10.

YouTube: https://www.youtube.com/@szelsokozepprodukcio 
Facebook: https://www.facebook.com/onkenyes 
Web: https://onkenyes.hu/",A szöveg a következő főbb pontookat emeli ki:  * Az Egyesült Államok szankciókat vezetett be Rogán Antal ellen  ami miatt a magyar kormány heves kritikával illette Washington politikáját. * A szankciókat kiváltó állítólagos korrupciós ügyek mögött valójában amerikai politikai indíttatás húzódik  hiszen Orbánt és nem Rogánt könnyebb lenne eltávolítani. * Az amerikai demokrata kormányzati kurzusnak nem volt komolyan prioritása  hogy a magyar kormányt korrupcióval vádolja. Csak a Trump-adminisztráció végén vált ez fontossá  amikor a demokraták már leváltásukkal szembenéztek. * A szankciók érvényben maradása attól függhet  hogy a következő magyar kormány milyen kapcsolatot alakít ki az Egyesült Államokkal. * Fábri Sándor humorista és műsorvezető nyilvánosan bírálta a magyar kulturális kormányzatot és a közmédiát. * Bayer Zsolt publicista élesen bírálta Fábri szavait  aki szerinte pénzéhes és művészi minősége is romlott. * Fábri válaszában kijelentette  hogy nem törte meg a közmédia etikáját  és visszautasította Bayer vádjait. * A szöveg szerint Fábri a rendszerrel kötött alkut most megbánta volna  de ez nem mondható ki  mert már fizette az árát.
Létezés és nemlétezés szomja; Halálfélelem | Önkényes Mérvadó #974,https://www.youtube.com/watch?v=8jfCazvfo1c,2025-01-05T17:00:06Z,"Iratkozz fel a csatornára, és ha teheted, támogasd itt az Önkényes Mérvadót:
https://www.donably.com/szelsokozep

Létezés és nemlétezés szomja
Rácsodálkozás az élet értékeire, szembenézés az élet végességével

Műsorvezetők: Horváth Oszkár, Nagy Gergely, Béndek Ábris
Szerkesztő: Czifrus Réka
Felvétel: 2024.09.27.

YouTube: https://www.youtube.com/@szelsokozepprodukcio
Facebook: https://www.facebook.com/onkenyes
Web: https://onkenyes.hu/",A haláltól való félelem az emberi lét egyik legősibb és legmélyebb érzése. Több kultúrában jelenik meg irodalmi és művészi alkotásokban. A legtöbbször a véges létezés és a halál utáni bizonytalanság gondolata riasztja az embereket. Sokan félnek attól  hogy a halál elragadja őket szeretteiktől  míg mások a szenvedéstől vagy a megszűnéstől tartanak. A félelem különböző életszakaszokban felerősödhet  például betegségek vagy veszteségek idején. Az élet értelmének és céljának keresése is hozzájárulhat a halálfélemhez  hiszen a halál jelenti a földi élet végpontját. Ugyanakkor a halált meg lehet tekinteni a teljes lét egyik szakaszaként is  amelyben a földi élet tanulási és fejlődési folyamatának eredményeképpen a lélek másik szintre lép.
"Mi a félelem, mitől félünk?; Hogyan születik a türelem? | Önkényes Mérvadó #973",https://www.youtube.com/watch?v=pMeGAkgNiuw,2025-01-02T17:00:06Z,"Iratkozz fel a csatornára, és ha teheted, támogasd itt az Önkényes Mérvadót:
https://www.donably.com/szelsokozep

Mi a félelem?; Elfojtás; Félelemből cselekvés; Fuss vagy küzdj!
Tipikus fóbiák, mint félelmek forrásai
Mi a türelem, mikor voltál türelmes?

Műsorvezetők: Horváth Oszkár, Magyar Dávid
Szerkesztő: Czifrus Réka
Felvétel: 2024.10.04.

YouTube: https://www.youtube.com/@szelsokozepprodukcio
Facebook: https://www.facebook.com/onkenyes
Web: https://onkenyes.hu/",**Féltelem és türelem**  **Féltelem**  * Az életfenntartásunk alapvető szükséglete  amely a veszélyhelyzetekre adott válaszreakció * A félelem különböző formái: fizikai veszélyek (ragadozók  wypadok)  társadalmi helyzetek (megaláztatás  elutasítás) és saját érzelmeink (magány  szorongás) * A félelem fizikai tünetei: gyors szívverés  izzadás  remegés  izomfeszültség * A félelem pszichés tünetei: szorongás  pánik  fóbiák  nyugtalanság * A félelemnek fontos evolúciós szerepe van  véd minket a veszélyektől * A félelem azonban akkor is fennállhat  amikor nincsenek valódi veszélyek  ezt nevezik irracionális félelemnek * Az irracionális félelmek legyőzéséhez különböző technikák alkalmazhatóak  például a fokozatos szembenézés  a kognitív viselkedésterápia és a mindfulness meditáció  **Türelem**  * A késlekedések és a nehézségek nyugodt elviselésének képessége * A belső kontrollérzettel és az empátiával összefügg * A türelem a türelmetlenség  a harag és a frusztráció ellentéte * A türelemhez vezető pillanatokban lehetőségünk van önuralmunk fejlesztésére * A türelemnek különösen fontos szerepe van a társas kapcsolatokban * A türelmetlenség gyakran a szégyenérzetből fakad  amely eltorzíthatja a félelemérzetet * A szégyenérzet leküzdésével a félelemérzet is csökkenthető * A türelem fejlesztésének módjai közé tartoznak a mindfulness  a hálaterápia és a szociális interakciók
Karácsonyi szorongás és megfelelési kényszer; Mindenki magányos valamiben | Önkényes Mérvadó #972,https://www.youtube.com/watch?v=ksbb-z2bjTE,2024-12-25T17:00:06Z,"Az Inga falait díszítő arcképcsarnok képeiből készült naptár már elérhető a Szélsőközép Webshopban: https://szelsokozep.hu/inga-falinaptar-2025

Iratkozz fel a csatornára, és ha teheted, támogasd itt az Önkényes Mérvadót:
https://www.donably.com/szelsokozep

Szorongás és megfelelési kényszer karácsony idején; Céges ajándékozás
Segít-e a szenvedés relativizálása?; Magányosan az ünnepek alatt

Műsorvezetők: Puzsér Róbert, Horváth Oszkár, Nagy Gergely
Szerkesztő: Czifrus Réka
Felvétel: 2024.12.20.

YouTube: https://www.youtube.com/@szelsokozepprodukcio
Facebook: https://www.facebook.com/onkenyes
Web: https://onkenyes.hu/","A mai ember szoronghat az ünnepek alatt  mert nem érzi Isten figyelmét  vagy nem tudja  kinek kéne megfelelnie  vagy mert belül azt érzi  hogy az ünnepek más jelentésűek  és nem áll mögöttük igazi tartalom. Ezzel szemben a régi ember is szoronghatott az ünnepek közeledtével  mert attól félt  hogy nem fog megfelelni a feladatnak. Ha azonban valaki a lehető legjobbat hozza ki magából  az ünnepből  és szereti azt  aki elrendelte az ünnepet  akkor szoronghat ugyan  de a szeretet kapcsolatban miért lenne ez? Az ünnep az összeszedettség képét kívánja mutatni  hogy az atya úristen bármikor ""lefényképezhessen"" minket  de valójában az ünnepek arra valók  hogy lazítsunk  kiszakadjunk a hétköznapok terheiből  és a családunkra  önmagunkra és az Istenre figyeljünk. Az ünnepek alatti feszültséget és kényszert nem maga az ünnep vagy az azt elrendelő okozza  hanem inkább a körülmények és a hozzáállás. Az ünnep olyan időszak  amikor igyekszünk jobban odafigyelni egymásra  segíteni egymást  és ezt az érzést egész évben érdemes fenntartani. Az egyház eredetileg nem a papságot jelentette  hanem a keresztények közösségét  az ünnepek pedig ennek az egyháznak a közösségi alkalmai voltak. Ma már az ünnepeket a vér szerinti családdal kötjük össze  és ez eltávolított minket Istentől a szomszédaink pedig attól  hogy ünnepi hangulatba kerüljenek  mert a fényfüzérekkel díszített ablakok azt sugallják  hogy itt minden rendben van. A családi ünneplés nem feltétlenül függ össze az elvallástalanodással  a céges karácsonyi rendezvényeken pedig sokszor nem a közösségépítés a cél  hanem a bulis hangulat. Fontos  hogy az ünnepi szellemet ki tudjuk vinni a megszokott körből  és megvalósítsuk a hétköznapokban is  mert valójában ez a céges karácsonyozások valódi lényege. A magány sokak számára elviselhetetlenné teheti az ünnepeket  de ilyenkor fontos az önreflexió és az elfogadás. A magányban lehetőség rejlik önmagunk megismerésére és arra  hogy átgondoljuk  mi tesz minket igazán boldoggá. A szenvedésben fontos az egymás iránti részvét  és az  hogy bátorítást nyújtsunk a szenvedőnek  hogy ne érezze magát egyedül. Az igazi bölcsesség akkor érhető el  ha átértékeljük a szenvedésünket  és rájövünk  hogy Jézus Krisztus is szenvedett  és ez a tudás segíthet nekünk abban  hogy a saját szenvedésünk elviselhetőbbé váljon. A magányosok számára az ünnepi csend segíthet abban  hogy közelebb kerüljenek valamihez  és átgondolják a magány mibenlétét. Az ünnepek a legszebbek azoknak  akiknek van családjuk  de a legszomorúbbak azoknak  akiknek nincs. A magányosok számára nagy ajándék lehet  ha dolgozhatnak szenteste  vagy olyan közösségben tölthetik az ünnepeket  ahol mások is magányosak. A magányunk érvényes  és segíthet nekünk abban  hogy mások fájdalmát is komolyabban vegyük  és ne csak a saját szenvedésünkre koncentráljunk. Fontos  hogy megpróbáljuk visszavezetni a szenvedésünket a ragaszkodáshoz  a gyűlölethez vagy a tévedéshez  és az ellenműveletükkel  a nagylelkűséggel  a szeretettel és az ismeretszerzéssel próbáljuk megszüntetni a szenvedést. Így legközelebb talán már fél év múlva kell majd azon gondolkodnunk  hogy miért vagyunk rosszul."
Orbán tűzszüneti javaslata; Vendégmunkások haza!; Miben hasonlítunk? | Önkényes Mérvadó #971,https://www.youtube.com/watch?v=gWfTEW5LYgo,2024-12-22T17:00:07Z,"Az Inga falait díszítő arcképcsarnok képeiből készült naptár már elérhető a Szélsőközép Webshopban: https://szelsokozep.hu/inga-falinaptar-2025

Iratkozz fel a csatornára, és ha teheted, támogasd itt az Önkényes Mérvadót:
https://www.donably.com/szelsokozep

Orbán tűzszüneti javaslata
Létezik európai identitás?
Vendégmunkások haza!
Miben hasonlítunk?

Műsorvezetők: Puzsér Róbert, Horváth Oszkár, Béndek Ábris
Szerkesztő: Rónyai Júlia
Felvétel időpontja: 2024.12.20.

YouTube: https://www.youtube.com/@szelsokozepprodukcio
Facebook: https://www.facebook.com/onkenyes
Web: https://onkenyes.hu/",**Összefoglaló**  A szöveg a következő témákat tárgyalja:  * A médiában zajló viták minősége * A háborúk természete * Az emberi történelem jó és rossz nézőpontjai * A személyes mentális egészség és fejlődés  **Összegzett tartalom**  * A szerző kritizálja a médiában zajló viták alacsony színvonalát  amelyet a személyeskedés  a félretájékoztatás és a túlzott egyszerűsítés jellemez. * A szerző azt állítja  hogy a háborúk nem oldanak meg semmit  csak további pusztítást és szenvedést okoznak. * A szerző tükröződik az emberi történelem jó és rossz aspektusain  és arra a következtetésre jut  hogy a gonoszság legmélyebb mélységei a náci rezsimhez  míg a jóság legmagasabb csúcsai Jézus Krisztushoz kapcsolódnak. * A szerző megosztja személyes tapasztalatait a mentális egészséggel kapcsolatban  a legjobb állapotát a hétmesterlövész című rádióműsor készítésének idejére teszi  míg a legalját egy olyan időszakra  amikor lecsúszásban és függőségben szenvedett. * A szerző kiemeli az erényes szeretet fontosságát a boldogság és a személyes fejlődés elérésében.
Revans az amerikai egészségbiztosítókon; Elítélik-e Till Tamás gyilkosát? | Önkényes Mérvadó #970,https://www.youtube.com/watch?v=TFhYGhZO_T4,2024-12-18T17:00:06Z,"Az Inga falait díszítő arcképcsarnok képeiből készült naptár már elérhető a Szélsőközép Webshopban: https://szelsokozep.hu/inga-falinaptar-2025

Iratkozz fel a csatornára, és ha teheted, támogasd itt az Önkényes Mérvadót:
https://www.donably.com/szelsokozep

00:00 Revans az amerikai egészségbiztosítói rendszeren: Brian Thompson megölése
39:51 Elítélik-e Till Tamás gyilkosát?

Műsorvezetők: Puzsér Róbert, Horváth Oszkár, Kovács 4 Zoli
Szerkesztő: Czifrus Réka
Felvétel: 2024.12.13.

YouTube: https://www.youtube.com/@szelsokozepprodukcio
Facebook: https://www.facebook.com/onkenyes
Web: https://onkenyes.hu/","Hiba történt: (""Invalid operation: The `response.text` quick accessor requires the response to contain a valid `Part`  but none were returned. The candidate's [finish_reason](https://ai.google.dev/api/generate-content#finishreason) is 3. The candidate's safety_ratings are: [category: HARM_CATEGORY_SEXUALLY_EXPLICIT\nprobability: NEGLIGIBLE\n  category: HARM_CATEGORY_HATE_SPEECH\nprobability: NEGLIGIBLE\n  category: HARM_CATEGORY_HARASSMENT\nprobability: MEDIUM\n  category: HARM_CATEGORY_DANGEROUS_CONTENT\nprobability: NEGLIGIBLE\n].""  [category: HARM_CATEGORY_SEXUALLY_EXPLICIT probability: NEGLIGIBLE   category: HARM_CATEGORY_HATE_SPEECH probability: NEGLIGIBLE   category: HARM_CATEGORY_HARASSMENT probability: MEDIUM   category: HARM_CATEGORY_DANGEROUS_CONTENT probability: NEGLIGIBLE ])"
Hont András új véleménycentruma; Lázár 99 évre kiadná a pályaudvarokat | Önkényes Mérvadó #969,https://www.youtube.com/watch?v=62KHQ-wU1Sc,2024-12-16T09:30:06Z,"Az Inga falait díszítő arcképcsarnok képeiből készült naptár már elérhető a Szélsőközép Webshopban: https://szelsokozep.hu/inga-falinaptar-2025

Iratkozz fel a csatornára, és ha teheted, támogasd itt az Önkényes Mérvadót:
https://www.donably.com/szelsokozep

Hont András új véleménycentruma, Lázár 99 évre kiadná a pályaudvarokat
Műsorvezetők: Puzsér Róbert, Horváth Oszkár, Egri Viktor, Boros Tamás
Szerkesztő: Rónyai Júlia
Felvétel: 2024.12.13.

YouTube: https://www.youtube.com/@szelsokozepprodukcio
Facebook: https://www.facebook.com/onkenyes
Web: https://onkenyes.hu/",Ebben az összefoglalóban az ötből öt márka  Ceglédi Zoltán  Konok Péter  Média1  Pujsza Zoltán [Zene] [Zene] Orbánt kedvelő [Zene] Orbán Viktor negatív és pozitív oldala a baloldal [Zene] [Zene] öt márka médiavállalkozás [Zene] a havi műsor szereplője [Zene] elhagyták a műsort [Zene] elárultad a közösséget pont [Zene] sajátjait egyenlő távolságot [Zene] közelebb áll a közepe felé miközben [Zene] egyenlő távolság [Zene] nem kell obába menni [Zene] elárultad a közéletet [Zene] a hvg-nél [Zene] a baloldali értelmiségi volt [Zene] [Zene] a hatalom átvétele után [Zene] [Zene] közösséget meg a értékközösséget [Zene] [Zene] közéleti hozzászólások [Zene] [Zene] fényében megszűnik a névtelen pozícióból [Zene] a magyar médiában [Zene] 2021-ig [Zene] nem először [Zene] az öt körül [Zene] privatizációnak [Zene] a magyar közbeszéd rémes [Zene] a véleménycentrum kialakításába [Zene] általában nem [Zene] szempontból van [Zene] a magyar állam érdekében [Zene] a magyar nyilvánosságba [Zene] gyakran kapott [Zene] a saját műsorában [Zene] az öt címmel [Zene] még [Zene] a márka tulajdonosa [Zene] véleménycentrumot [Zene] erőteljesen kiszolgált [Zene] iránt [Zene] politikai ellentétével [Zene] érdekelt [Zene] önkifejezési igényét [Zene] saját [Zene] kérdésfeltevések [Zene] már [Zene] [Zene] megszokott [Zene] [Zene] merész [Zene] a magyar nyilvánosság [Zene] vélemények kommunikációját [Zene] [Zene] nem elég merész [Zene] a magyar nyilvánosság [Zene] ebben [Zene] vélemények kommunikációját [Zene] kritikusan [Zene] a magyar nyilvánosság [Zene] [Zene] nem elég merész [Zene] a magyar nyilvánosság [Zene] ebben [Zene] vélemények kommunikációját [Zene] kritikusan [Zene] vitatott [Zene] kritikáját [Zene] a tévé csak [Zene] a véleménycentrum [Zene] minden pillanatban [Zene] a két tábor között [Zene] másrészt a véleménycentrum [Zene] résztvevői közül [Zene] az illiberális [Zene] az igazságot [Zene] saját [Zene] a magyar közhangulatban [Zene] csak [Zene] ezeket a véleményeket [Zene] a véleménycentrumot [Zene] támogatja [Zene] a magyar ellenzék [Zene] tábora [Zene] mindamellett [Zene] a véleménycentrum [Zene] a véleménycentrum [Zene] nem elég merész [Zene] kritizáló vélemények [Zene] platformot [Zene] [Zene] [Zene] tudományos [Zene] platformot [Zene] a módszertan [Zene] a módszertant [Zene] a magyar állam érdekében [Zene] az illiberális [Zene] érdekében [Zene] [Zene] a magyar állam érdekében [Zene] [Zene] a tulajdonosai [Zene] hosszú [Zene] a magyar állam érdekében [Zene] a véleménycentrum elindulása [Zene] médiavállalkozás [Zene] kevesebb energiabefektetéssel [Zene] a havi műsor [Zene] a havi műsor [Zene] a véleménycentrum [Zene] a véleménycentrum [Zene] de a havi [Zene] a véleménycentrum [Zene] a véleménycentrum [Zene] az öt címet [Zene] az öt címet [Zene] a havi műsor [Zene] a véleménycentrum [Zene] a véleménycentrum [Zene] a hírportál [Zene] a havi műsor [Zene] az öt címet [Zene] a hírportál [Zene] a havi műsor [Zene] a havi műsor [Zene] az öt címet [Zene] a havi műsor [Zene] a véleménycentrum [Zene] a havi műsor [Zene] az öt címet [Zene] a véleménycentrum [Zene] a véleménycentrum [Zene] a véleménycentrum [Zene] a véleménycentrum [Zene] a véleménycentrumot [Zene] a véleménycentrum [Zene] a véleménycentrum [Zene] a véleménycentrum [Zene] [Zene] a véleménycentrumot [Zene] a véleménycentrumot [Zene] a véleménycentrumnak [Zene] a véleménycentrum [Zene] a havi műsor [Zene] a véleménycentrum [Zene] a véleménycentrum [Zene] a véleménycentrum [Zene] a véleménycentrum [Zene] a havi műsor [Zene] [Zene] a véleménycentrum [Zene] a havi műsor [Zene] a havi műsor [Zene] a véleménycentrum [Zene] a véleménycentrum [Zene] a véleménycentrum [Zene] a véleménycentrum [Zene] a véleménycentrumot [Zene] a véleménycentrum [Zene] a véleménycentrumot [Zene] a véleménycentrum [Zene] a véleménycentrumnak [Zene] a véleménycentrum [Zene] a havi műsor [Zene] a véleménycentrum [Zene] a véleménycentrum [Zene] a véleménycentrum [Zene] a véleménycentrum [Zene] a havi műsor [Zene] [Zene] a véleménycentrum [Zene] a havi műsor [Zene] a havi műsor [Zene] a véleménycentrum [Zene] a véleménycentrum [Zene] a véleménycentrum [Zene] a véleménycentrum [Zene] a véleménycentrumot [Zene] a véleménycentrum [Zene] a véleménycentrumot [Zene] a véleménycentrum [Zene] a véleménycentrumnak [Zene] a véleménycentrum [Zene] a havi műsor [Zene] a véleménycentrum [Zene] a véleménycentrum [Zene] a véleménycentrum [Zene] a véleménycentrum [Zene] a havi műsor [Zene] [Zene] a véleménycentrum [Zene] a havi műsor [Zene] a havi műsor [Zene] a véleménycentrum [Zene] a véleménycentrum [Zene] a véleménycentrum [Zene] a véleménycentrum [Zene] a véleménycentrumot [Zene] a véleménycentrum [Zene] a véleménycentrumot [Zene] a véleménycentrum [Zene] a véleménycentrumnak [Zene] a véleménycentrum [Zene] a havi műsor [Zene] a véleménycentrum [Zene] a véleménycentrum [Zene] a véleménycentrum [Zene] a véleménycentrum [Zene] a havi műsor [Zene] [Zene]
Kullancsok & testmasszázs: eljárás indult a NER-es pap ellen; Radnóti titok | Önkényes Mérvadó #968,https://www.youtube.com/watch?v=FoDY4kg3WxA,2024-12-11T17:00:06Z,"Az Inga falait díszítő arcképcsarnok képeiből készült naptár már elérhető a Szélsőközép Webshopban: https://szelsokozep.hu/inga-falinaptar-2025

Iratkozz fel a csatornára, és ha teheted, támogasd itt az Önkényes Mérvadót:
https://www.donably.com/szelsokozep

00:00 Zaklatással vádolják Pajor András atyát
27:29 Radnóti nem akart mártírhalált halni, holokauszt áldozat volt – Beszélgetés Ács Dániel: Nem tudhatod - Egy tarkólövés meghamisítása című könyve nyomán
47:46 Hová tűntek Dienes András kéziratai? – Beszélgetés Ács Dániel: Nem tudhatod - Egy tarkólövés meghamisítása című könyve nyomán

Műsorvezetők: Puzsér Róbert, Horváth Oszkár, Kovács 4 Zoli
Szerkesztő: Czifrus Réka
Felvétel: 2024.12.06.

YouTube: https://www.youtube.com/@szelsokozepprodukcio
Facebook: https://www.facebook.com/onkenyes
Web: https://onkenyes.hu/","**Radnóti halálának rejtélye és a baráti kör elhallgatott szerepe**  DNS András irodalomtörténész a Radnóti Miklós halálát kutató anyagait eltűnték a vonaton 1962-ben  pár nappal halála előtt. A szerző  Ác Dániel ""Nem tudhatod  egy tarkólövés meghamisítása"" című könyvében ennek a táskának a feltételezett tartalmát vizsgálja.  A könyv három fő szálra oszlik: DNS András kutatói története  maga Radnóti életrajza és a halál utáni személyisége  valamint a Radnóti-baráti kör  akik később a költő kultuszát építették fel.  A kutatás során kiderül  hogy Radnótit nem németek vagy nyilasok végezték ki  hanem magyar honvéd keretlegények. A baráti kör  köztük Gyarmati Fanni és Ortuta Gyula  ezt elhallgatták  hogy a fasizmus mártírjából nemzeti hős lehessen.  A könyv feltárja  hogy a baráti kör nemcsak Radnóti halálával kapcsolatos hamis mítoszt épített fel  hanem a kommunista hatalomátvétel után is a hatalmi elit részévé váltak  és segítették a hortista korszak bűneinek eltussolását.  A szerző rámutat arra  hogy a szélsőségek közötti lengés negatív hatású lehet  és a megismert igazság felboríthatja a fennálló rendet. A Radnóti-kultusz és az elhallgatott bűnök története példázza  hogy a múlt manipulálása milyen súlyos következményekkel járhat a társadalomra.  A könyv befejezésül felhívja a figyelmet arra  hogy a múlt kutatása és az igazság feltárása nélkül nem lehet megérteni a jelent és tervezni a jövőt."
"Menczer erősebb, mint Magyar Péter?; Pszichopatákkal a szóvivő vitatkozik? | Önkényes Mérvadó #967",https://www.youtube.com/watch?v=FizK-VDO68o,2024-12-08T15:00:06Z,"Az Inga falait díszítő arcképcsarnok képeiből készült naptár már elérhető a Szélsőközép Webshopban: https://szelsokozep.hu/inga-falinaptar-2025

Iratkozz fel a csatornára, és ha teheted, támogasd itt az Önkényes Mérvadót:
https://www.donably.com/szelsokozep

Menczer erősebb, mint Magyar Péter? 
Pszichopatákkal a szóvivő vitatkozik?

Műsorvezetők: Horváth Oszkár, Magyar Dávid, Puzsér Róbert
Szerkesztő: Rónyai Júlia
Felvétel: 2024.12.06.

YouTube: https://www.youtube.com/@szelsokozepprodukcio
Facebook: https://www.facebook.com/onkenyes
Web: https://onkenyes.hu/",Magyar Péter és Menczer Tamás összecsapásáról szól a szöveg:  * Magyar Péter egy gyermekotthonba akart bemenni  de Menczer Tamás feltartotta és fenyegette. * Menczer Tamás a fideszes kommunikációs igazgató azt állítja  hogy Magyar Péter kötekedett. * Magyar Péter szerint Menczer Tamás agresszíven viselkedett. * Menczer Tamás szerint Magyar Péter kevés ember elégedetlenségével akarja lejáratni a kormányt. * Magyar Péter szerint Menczer Tamás nem bírja elviselni  hogy nem ő győzedelmeskedik.  Magyar Péter és Menczer Tamás egy vitára hívják egymást  ahol a szakértők véleményét is meghallgatnák.
MÁV reality - Hadházy vs. Lázár; Trump már nem is bűnös; Lakhatási válság | Önkényes Mérvadó #966,https://www.youtube.com/watch?v=i9Ftp8d01i4,2024-12-04T17:00:06Z,"Az Inga falait díszítő arcképcsarnok képeiből készült naptár már elérhető a Szélsőközép Webshopban: https://szelsokozep.hu/inga-falinaptar-2025

Iratkozz fel a csatornára, és ha teheted, támogasd itt az Önkényes Mérvadót:
https://www.donably.com/szelsokozep

00:04 Sz@rból várat építeni? Lázár és az ötpontos akcióterv
27:12 Kukázzák a Trump elleni büntetőpereket
57:38 Lakhatási válság – egyre többe kerül a tető a fejünk fölött

Műsorvezetők: Horváth Oszkár, Csízi Ági, Borsi Bálint
Szerkesztő: Czifrus Réka
Felvétel: 2024.11.29.

YouTube: https://www.youtube.com/@szelsokozepprodukcio
Facebook: https://www.facebook.com/onkenyes
Web: https://onkenyes.hu/",**Összefoglaló:**  A lakásárak Magyarországon az elmúlt 15 évben a 2015-ös árszint 298%-áig emelkedtek  amely jelentősen meghaladja az európai átlagot. A drasztikusan emelkedő lakhatási költségek miatt a magyar háztartások 13%-a jövedelmük 40%-át vagy annál többet költ lakhatásra  és további 43% a piaci bérleti díjak miatt szenved. A drámai adatok ellenére mintegy 200000 üres ingatlan található az országban  és a szociális bérlakások aránya mindössze 2 2%.  Az otthonhoz jutás egyre inkább lottó nyereménnyé válik Magyarországon  mivel az alacsony fizetések és a magas lakásárak miatt az emberek számára szinte lehetetlen önálló ingatlanhoz jutni. A szociális alapon történő támogatások hiánya súlyosbítja a helyzetet  különösen a létminimum alatt és a nyugdíjkorhatár körül élők számára.  Eközben a nyereményalapú tévéshow-k továbbra is szerény összegeket kínálnak  amelyek nem fedezik a lakhatási költségeket. A drágán kínált lakások és a magas bérleti díjak egy olyan kétpólusú társadalmat hoztak létre  ahol a fiatalok és a kisjövedelműek kénytelenek a legalitást súroló megoldásokat választani.  Az elérhető lakhatás hiánya súlyos következményekkel jár a mentális egészségre is. A hajléktalanok gyakran a traumatikus múltjuk vagy a tartós mentális egészségügyi problémák miatt kerülnek az utcára  amelyeket az elesettség csak tovább súlyosbít.  A lakhatási válság megoldásához komplex megközelítésre van szükség  amely magában foglalja a társadalmi bérlakások bővítését  a szociális alapon történő támogatások növelését  valamint a lakhatási költségek szabályozását. A helyzet súlyosságát figyelembe véve szükség van a politikai akarat és az erőforrások egyesítésére a probléma kezelése érdekében.
Magyar Pétert kitiltották a gyermekotthonokból; Orbánt taszítja az agresszió | Önkényes Mérvadó #965,https://www.youtube.com/watch?v=PevSYPa88Ro,2024-12-01T15:00:07Z,"Az Inga falait díszítő arcképcsarnok képeiből készült naptár már elérhető a Szélsőközép Webshopban: https://szelsokozep.hu/inga-falinaptar-2025

Iratkozz fel a csatornára, és ha teheted, támogasd itt az Önkényes Mérvadót:
https://www.donably.com/szelsokozep

Műsorvezetők: Puzsér Róbert, Horváth Oszkár, Borsi Bálint
Szerkesztő: Rónyai Júlia
Felvétel: 2024.11.29.

YouTube: https://www.youtube.com/@szelsokozepprodukcio
Facebook: https://www.facebook.com/onkenyes
Web: https://onkenyes.hu/",Orbán Viktor egy politikai interjúban az ellenzéket az erőszak legitimizálásával és az arroganciával vádolta. Különösen példaként említette  hogy Magyar Pétert  egy független képviselőt nem engedik be a bicskei gyermekotthonba  és hogy nőket megalázó kijelentéseket tesznek.  Orbán szerint ez a viselkedés újdonság a magyar politikában  és erőszakhoz vezethet  ezért meg kell állítani. Azonban a kritikusok szerint ez csak egy cinikus kommunikációs stratégia  amely eltereli a figyelmet a kormány saját hibáiról.  A kormány kommunikációs gépezetének stratégiája  hogy nem mondja ki Magyar Péter nevét  azzal vádolva őt  hogy csak saját befolyását akarja növelni. Azonban ez a stratégia valószínűleg nem lesz hatékony  mivel csak a fideszes híveket erősíti meg előítéleteikben  a többi választót pedig eltávolítja a kormánytól.  Magyar Péter  mint kihívó  a kormány bukásának jele. Az elmúlt kilenc hónapban a kormány nem tudta megoldani a gyermekotthonok problémáját  és Magyar Péter országos körútja felhívta a figyelmet erre a sikertelenségre.  Az Orbán-kormány elutasítása  hogy Magyar Pétert a gyermekotthonba engedje  arra utal  hogy félnek a kihívásoktól  és nem hajlandók a problémákkal szembenézni. Ez a viselkedés valószínűleg a kormány bukásához vezet.
"A Gen Z csak marketing, a boomerek meg irigyek?; A szer - filmelemzés | Önkényes Mérvadó #964",https://www.youtube.com/watch?v=RD0hUJQvDf0,2024-11-27T17:00:07Z,"Iratkozz fel a csatornára, és ha teheted, támogasd itt az Önkényes Mérvadót:
https://www.donably.com/szelsokozep

Az Inga falait díszítő arcképcsarnok képeiből készült naptár már elérhető a Szélsőközép Webshopban: https://szelsokozep.hu/inga-falinaptar-2025

01:46 Életkor alapú diszkrimináció, a Gen Z korosztályra lő a marketing
17:29 Az ageizmus elsősorban az idősebb generációt érinti?
01:01:51 A szer – filmelemzés I.; Ha valaki öreg, az kevés is?
01:18:22 A szer – filmelemzés II.; Elvárások, megfelelés, tartalmatlanság

Műsorvezetők: Horváth Oszkár, Zsótér Indi Dániel, György Imre
Szerkesztő: Czifrus Réka
Felvétel: 2024.11.22.

YouTube: https://www.youtube.com/@szelsokozepprodukcio
Facebook: https://www.facebook.com/onkenyes
Web: https://onkenyes.hu/","A ""Szer"" című horrorfilm a korral járó diszkriminációt taglalja  különös tekintettel az idősebbekre. Egy 50 évét betöltött filmsztár  Elizabeth Sparkle egy titkos szert szerez meg  amely lehetővé teszi számára  hogy ideiglenesen létrehozza fiatalabb énjét. De a két én közötti konfliktus és a fiatalság és az öregség közötti különbségek vizsgálata során a film megkérdőjelezi a fiatalság és a szépség értékeit.  A film egyik fő témája az életkoralapú diszkrimináció  amely a munkahelyen és a médiában is gyakori. A főszereplőt a stúdiófőnök arra kényszeríti  hogy lemondjon  mert szerintük már túl öreg a szerephez. Ez kiemeli a Hollywoodban elterjedt korosztályizmust  amely az idősebb színésznőket gyakran kisebb szerepekre vagy egyáltalán nem alkalmazza.  A film azt is feltárja  hogy a fiatalságot és a szépséget mennyire értékelik a társadalomban  különösen a nők esetében. Elizabeth folyamatosan küzd azzal  hogy megfeleljen a fiatalság elvárásainak  és ennek eredményeként fiatalabb változatát készít. Azonban ez a fiatalabb én sem hoz igazi boldogságot vagy sikert  és Elizabeth végül felismeri  hogy önmagát kell elfogadnia minden hibájával együtt.  A film emellett az öregedés és az idő múlásának kérdését is érinti. Elizabeth kezdetben el van ragadtatva a fiatalabb testtől  de idővel rájön  hogy nem tudja örökre fenntartani ezt a fiatalságot. A film bemutatja az öregedéssel járó fizikai és érzelmi kihívásokat  és kérdéseket vet fel arról  hogy hogyan fogadjuk el változó testünket és elménket.  Összességében a ""Szer"" egy gondolatébresztő és kihívást jelentő film  amely a korral járó diszkriminációval  a fiatalság és a szépség értékeivel  valamint az öregedés folyamatával foglalkozik."
Börtönnel büntetnék az agresszív kommentelőket; Szájer József visszatér | Önkényes Mérvadó #963,https://www.youtube.com/watch?v=YliX7nLJchY,2024-11-25T09:00:06Z,"Iratkozz fel a csatornára, és ha teheted, támogasd itt az Önkényes Mérvadót:
https://www.donably.com/szelsokozep

Börtönnel büntetnék az agresszív kommentelőket
Szájer József visszatér
A választási kerületek átrajzolása

Műsorvezetők: Puzsér Róbert, Horváth Oszkár, Magyar Dávid
Szerkesztő: Rónyai Júlia
Felvétel: 2024.11.22.

YouTube: https://www.youtube.com/@szelsokozepprodukcio
Facebook: https://www.facebook.com/onkenyes
Web: https://onkenyes.hu/",A szöveg a következő pontokat emeli ki:  * Az új online platformokra vonatkozó törvényjavaslat szigorúbb büntetéseket vezetne be a fenyegető tartalmú kommentekért. * A magyar kormány alapvetően fémjelzi az online tér és a közbeszéd korlátozását. * A Bayer Zsolt elleni büntetőeljárás visszanyesné a véleményszabadságát  holott ő az ország érdekeit képviseli. * A jobboldali radikálisok egyre növekvő aktivitást mutatnak  és a kormány tétlenül figyeli térnyerésüket. * A HVG által idézett szakértők szerint a törvényjavaslat a véleménynyilvánítás szabadságának visszaszorítására irányul. * Az új rendelkezések aránytalan hatást gyakorolnak az egyszerű kommentelőkre  miközben a műsorgyártók továbbra is büntetlenül uszíthatnak. * A kormányzat álságos módon a szuverenitás és a nemzet védelmével indokolja a közbeszéd szűkítését. * Az önkényes mérvadó című műsorban a résztvevők úgy vélik  hogy a magyar kormány arra törekszik  hogy elhallgattassa a kritikus hangokat  és csak a saját propagandáját engedje teret nyerni. * A műsorvezető szerint a kommenttörvény sérti a személyes véleménynyilvánítás szabadságát  ami alkotmányosan védett jog. * A kormány állítása szerint a kommenttörvény a fenyegetések és az erőszak ellen véd  de a szakértők szerint inkább a véleménynyilvánítás korlátozására szolgál. * A kormány azzal vádolja az ellenzéket  hogy gyűlöletet kelt  holott a valós gyűlölet a kormánypárti politikusok retorikájából ered.
Trump kormányában kap szerepet Elon Musk; P.Diddy-vel bukhat a celebvilág | Önkényes Mérvadó #962,https://www.youtube.com/watch?v=WYNCIqtfcLs,2024-11-21T07:00:06Z,"Iratkozz fel a csatornára, és ha teheted, támogasd itt az Önkényes Mérvadót:
https://www.donably.com/szelsokozep

Trump kormányában kap szerepet Elon Musk
Dúró Dóra pénzt adna a régi házasoknak
P.Diddy-vel bukhat a celebvilág
Cselekvési algoritmus

Műsorvezetők: Puzsér Róbert, Horváth Oszkár, Kovács 4 Zoli
Szerkesztő: Rónyai Júlia
Felvétel: 2024.11.15.

YouTube: https://www.youtube.com/@szelsokozepprodukcio
Facebook: https://www.facebook.com/onkenyes
Web: https://onkenyes.hu/",**Összefoglaló:**  A szöveg a cselekvésről és annak kialakulásáról szól. A cselekvés előzményei a következők: érzékelés  ösztönös reakció  gondolkodás  szándék  beszéd és cselekvés. A rutinok gyakorlása megváltoztathatja a cselekvési mintázatokat  ami mind a cselekvés hatékonyságát  mind az önvédelmet javíthatja. A cselekvés két megközelítése a pszichoanalízis és a viselkedésterápia. A pszichoanalízis a pszichén keresztül próbálja megváltoztatni a cselekvést  míg a viselkedésterápia a rutinokra összpontosít. Mindkét megközelítés eredményes lehet  és egyes esetekben az egyénnek mindkét módszer ötvözéséből származik a legnagyobb haszon. A cselekvés változtatásának fontos része az akarás és az elköteleződés  valamint annak felismerése  hogy valamilyen probléma merül fel  amelyre megoldást keresünk.
Magyar Péter hangfelvételek; Lakatos Márk és Osváth Zsolt-ügy | Önkényes Mérvadó #961,https://www.youtube.com/watch?v=H_5L4T1wykQ,2024-11-17T17:00:06Z,"Magyar Péter hangfelvételek; Lakatos Márk és Osváth Zsolt-ügy

Műsorvezetők: Puzsér Róbert, Horváth Oszkár, Kovács 4 Zoli
Szerkesztő: Rónyai Júlia
Felvétel: 2024.11.15.

Iratkozz fel a csatornára, és ha teheted, támogasd itt az Önkényes Mérvadót:
https://www.donably.com/szelsokozep

YouTube: https://www.youtube.com/@szelsokozepprodukcio
Facebook: https://www.facebook.com/onkenyes
Web: https://onkenyes.hu/",Az ellenzék változtatás iránti igényeinek kielégítésére  a kormányváltás elérésére és a rendszerváltás megvalósítására a magyar politikai színtéren felbukkant Magyar Péter alkalmas lehetne  de személyisége miatt kétségek merülnek fel az erkölcsi alkalmasságával kapcsolatban. Az ő elnöksége alatt a Tisza-párt fellendült  de a politikus nyilatkozataiban megjelenő bántó kifejezések miatt a közvélemény egy része elutasítja. A párt támogatottsága csökkent  de ez nem jelenti azt  hogy az ellenzék esélyei is romlanak. A párt vezetőjével szembeni kritikák ellenére ő még mindig a kormányváltás és a rendszerváltás legnagyobb esélye az ellenzék számára  ha képes lesz levetkőzni a jellemhibáit.
Csúnya dolgok szépsége; A szorgalom káros forrásai | Önkényes Mérvadó #960,https://www.youtube.com/watch?v=iEk6838mL7U,2024-11-13T15:00:06Z,"Iratkozz fel a csatornára, és ha teheted, támogasd itt az Önkényes Mérvadót:
https://www.donably.com/szelsokozep

00:03 Csúnya dolgok szépsége                                                                                        
25:20 Ami felemás                                                                                                               
1:03:08 A szorgalom káros forrásai

Műsorvezetők: Horváth Oszkár, Csonka Liberta, Csízi Ági
                                                                                  
Szerkesztő: Rónyai Júlia
Felvétel: 2024.09.13

YouTube: https://www.youtube.com/@szelsokozepprodukcio
Facebook: https://www.facebook.com/onkenyes
Web: https://onkenyes.hu/",E szöveg a szépség és csúnyaság komplex természetét vizsgálja  a szerző gondolatait használva a szépség hagyományos felfogásának megkérdőjelezésére. A szerző azzal érvel  hogy a csúnyaságnak is megvannak a maga érdemei  és gyakran értékeljük alul azokat a tárgyakat és tapasztalatokat  amelyek nem felelnek meg a szépség hagyományos normáinak. A szerző számos példát használ  mint a ronda építészet  az alacsony minőségű művészet  az undorító állatok és a túl díszes tárgyak  hogy szemléltesse  hogyan lehet a csúnyaság is vonzó és jelentőségteljes. A szerző azt is feltárja  hogy gyakran felépítünk egy érzelmi kötődést a csúnya tárgyakhoz és tapasztalatokhoz  amelyek segíthetnek á értékelni őket. Összességében a szöveg arra ösztönöz minket  hogy gondoljuk át  mit is jelent valójában a szépség  és legyünk nyitottabbak a csúnyaság iránt.
"Akkor kell megsértődni, amikor lehetőség van rá?; Valós/stratégiai sértődés | Önkényes Mérvadó #959",https://www.youtube.com/watch?v=Kn6zYw9Omws,2024-11-10T15:00:06Z,"Iratkozz fel a csatornára, és ha teheted, támogasd itt az Önkényes Mérvadót:
https://www.donably.com/szelsokozep

00:00 Tényleges sértődés vs. stratégiai sértődés
15:45 Sértődések kategorizálása
31:59 Más nevében megsértődés; Szóval akkor én hazudok?!

Műsorvezetők: Puzsér Róbert, Horváth Oszkár, Murányi Pál

Szerkesztő: Czifrus Réka
Felvétel: 2024.10.21.

YouTube: https://www.youtube.com/@szelsokozepprodukcio
Facebook: https://www.facebook.com/onkenyes
Web: https://onkenyes.hu/",**Összefoglaló**  A sértődés a traumás élményekre adott természetes reakció  amely gyakran kommunikációs nehézségekből ered. A sértődöttség mint viselkedés azonban problémássá válhat  ha indokolatlanul használják hatalmi pozíció megszerzésére vagy mások viselkedésének befolyásolására.  A sértődésnek négy fő típusa létezik: jogos és indokolt  jogos de indokolatlan  indokolatlan és jogos  valamint indokolatlan és indokolatlan. A jogtalan sértődések akár a társas kapcsolatok megrontásához is vezethetnek.  Azok  akik hajlamosak a sértődésre  gyakran bűntudatot ébresztenek másokban  vagy próbálják elkerülni a felelősségvállalást saját cselekedeteikért. A sértődés egyfajta védekezési mechanizmus is lehet  amely megakadályozza  hogy az emberek szembenézzenek saját gyengeségeikkel.  A sértődéssel szembeni hatékony megközelítés az  ha megbeszéljük a problémát azzal  aki megsértett minket  ahelyett  hogy sértődötten viselkednénk. Ez lehetővé teszi  hogy megértsük az ő nézőpontját  és egy közös megoldáson dolgozzunk.  A személyes kapcsolatokban a sértődés hajlamos arra  hogy idővel negatív hatással legyen a kapcsolatra  különösen  ha nem tudjuk kezelni hatékonyan. A kulcs az  hogy dolgozzunk saját traumainkon  és megtanuljunk egészséges módon kommunikálni és megoldani a konfliktusokat.
"Amerika elesett, Donald Trump megdicsőült | Önkényes Mérvadó #958",https://www.youtube.com/watch?v=_v4DQCLIvRU,2024-11-06T16:00:06Z,"Iratkozz fel a csatornára, és ha teheted, támogasd itt az Önkényes Mérvadót:
https://www.donably.com/szelsokozep

MŰSORVEZETŐ – Puzsér Róbert, Egri Viktor, Boros Tamás, Magyar Dávid, Kovács 4 Zoli
VENDÉG - Kaló Máté
FŐSZERKESZTŐ – Zaránd Péter
SZERKESZTŐ – Rónyai Júlia, Czifrus Réka
ROVATVEZETŐ – Csányi Ádám
GYÁRTÁSVEZETŐ – Zsótér Dániel
ADÁSVEZETŐ – Börzsei Dávid
VÁGÓ - Börzsei Dávid
KOMMUNIKÁCIÓS VEZETŐ – Szalai Roland
ANIMÁCIÓ & GRAFIKA – Bartis Bálint, Miskolczi András
PROMÓCIÓ – Komporday Tamás, Timár Mátyás
PROJEKTMENEDZSMENT – Monostori Tibor, Rendek Csaba                                                                                                                                                                                           Felvétel: 2024.11.06. 

YouTube: https://www.youtube.com/@szelsokozepprodukcio
Facebook: https://www.facebook.com/onkenyes
Web: https://onkenyes.hu/",Hiba történt: 400 The input token count (33914) exceeds the maximum number of tokens allowed (30720).
Fekete pont filmelemzés | Önkényes Mérvadó #957,https://www.youtube.com/watch?v=XVJkXNrSLO4,2024-11-03T15:00:06Z,"Iratkozz fel a csatornára, és ha teheted, támogasd itt az Önkényes Mérvadót:
https://www.donably.com/szelsokozep

00:23 Fekete Pont                                                                                                                                                                                                                            22:44 Kilépni a rendszerből?                                                                                                                                                                                             45:24 A szolidaritás hiánya                                                                                                                                                                                                               1:09:18 Van megoldás?                                                                                                                                                                                            

Szerkesztő: Rónyai Júlia                                                                                                                                                                                            Felvétel: 2024.10.04. 

YouTube: https://www.youtube.com/@szelsokozepprodukcio
Facebook: https://www.facebook.com/onkenyes
Web: https://onkenyes.hu/","Hiba történt: (""Invalid operation: The `response.text` quick accessor requires the response to contain a valid `Part`  but none were returned. The candidate's [finish_reason](https://ai.google.dev/api/generate-content#finishreason) is 3. The candidate's safety_ratings are: [category: HARM_CATEGORY_SEXUALLY_EXPLICIT\nprobability: NEGLIGIBLE\n  category: HARM_CATEGORY_HATE_SPEECH\nprobability: NEGLIGIBLE\n  category: HARM_CATEGORY_HARASSMENT\nprobability: MEDIUM\n  category: HARM_CATEGORY_DANGEROUS_CONTENT\nprobability: NEGLIGIBLE\n].""  [category: HARM_CATEGORY_SEXUALLY_EXPLICIT probability: NEGLIGIBLE   category: HARM_CATEGORY_HATE_SPEECH probability: NEGLIGIBLE   category: HARM_CATEGORY_HARASSMENT probability: MEDIUM   category: HARM_CATEGORY_DANGEROUS_CONTENT probability: NEGLIGIBLE ])"
Orbán Viktor el van tévedve; Elítélték Fekete-Győrt; Libanoni konfliktus | Önkényes Mérvadó #956,https://www.youtube.com/watch?v=fcQLwakeYKw,2024-10-30T17:00:06Z,"Iratkozz fel a csatornára, és ha teheted, támogasd itt az Önkényes Mérvadót:
https://www.donably.com/szelsokozep

Orbán Viktor el van tévedve                                                                                                                                                                                                                          Elítélték Fekete-Győrt                                                                                                                                
Magyar Péter péniszgate                                                                                                                                                                                                         Libanoni konfliktus
                                                                                                                                                                
Szerkesztő: Rónyai Júlia                                                                                                                                                                                            Felvétel: 2024.10.21. 

YouTube: https://www.youtube.com/@szelsokozepprodukcio
Facebook: https://www.facebook.com/onkenyes
Web: https://onkenyes.hu/",**Összefoglaló**  A rendszer a Fidesz kormány által gerjesztett hazugságokra és diszkreditáló anyagokra reagálva ahelyett  hogy elhatárolódna tőlük  terjeszti a nyilvánosságban ezeket a tartalmakat.  Az ellenzék nem tudja felvenni a ritmust a kormányzati propagandával  a rendszer ellenük indított támadásai nem találnak felháborodásra. Orbán Viktor is egyre több tévedést ejt nyilatkozataiban  amelyek a nyilvánosság előtt is láthatóvá válnak. A kormányzat elutasítja a felelősségvállalást és hibái elismerését  ezzel felemészti szavahihetőségét és aláássa legitimítását.  A Fidesz már nem képes fenntartani a pillanat uralmát  a narratíva diktálását  pedig erre a további győzelmekhez szüksége lenne. A kormányzat a rendszert fenyegető vádak és botrányok leplezésére a közmédiát és a médiapiaci szereplőket is felhasználja.  A rendszer bomlásában a személyi politika szerepe is jelentős: Orbán Viktor a hűséget helyezi a kompetencia elé  így alkalmatlan emberekkel veszi körül magát. A rendszert ezen kívül a hatalmas elkényelmesedés  a diktatórikus berendezkedés és a harci üzemmódra való képtelenség is veszélyezteti.  Eközben egyre több korrupciós és egyéb bűncselekmény vádja merül fel a kormánytagok  köztük Orbán Viktor ellen. A fővárosi ítélőtábla elítélte Fekete-Győr András momentumos országgyűlési képviselőt az országgyűlési épület előtt 2018-ban elkövetett rendőrség elleni erőszakért.  A magyarországi politikai helyzet mély válságban van  a Fidesz elvesztette a valóságérzékét és a legitimációját. A rendszer működésében a felelősségvállalás és a korrekció hiányzik  amely hosszú távon káros lehet Magyarország számára.
Emlékvagyon; Gátvéder beszédmód; Mi olyan jól kijövünk egymással?! - Önkényes Mérvadó #955,https://www.youtube.com/watch?v=_e5rfwV1SFI,2024-10-27T15:00:06Z,"Iratkozz fel a csatornára, és ha teheted, támogasd itt az Önkényes Mérvadót:
https://www.donably.com/szelsokozep

00:48 Digitális és analóg emlékezet
26:29 Emlékvagyon
42:33 Gátvéder beszédmód
1:30:14 Mi olyan jól kijövünk egymással?!

Szerkesztő: Rónyai Júlia
Felvétel: 2024.09.27.

YouTube: https://www.youtube.com/@szelsokozepprodukcio
Facebook: https://www.facebook.com/onkenyes",Ebben a szövegben nincs szó a generációk közötti különbségekről az emlékezetben rögzítésében.
Kinek szabad hazaárulózni?; Karsai Dániel és a türelem; Beszélhetünk? | Önkényes Mérvadó #954,https://www.youtube.com/watch?v=V-bzHhgkZn4,2024-10-23T15:00:06Z,"Felvétel dátuma: 2024.10.10.

Iratkozz fel a csatornára, és ha teheted, támogasd itt az Önkényes Mérvadót:
https://www.donably.com/szelsokozep

1. Kinek szabad hazaárulózni? 
2. Karsai Dániel és a türelem
3. Beszélhetünk?

Műsorvezetők: Puzsér Róbert, Horváth Oszkár, Boros Tamás
Szerkesztő: Rónyai Júlia

YouTube: https://www.youtube.com/@szelsokozepprodukcio
Facebook: https://www.facebook.com/onkenyes","Hiba történt: (""Invalid operation: The `response.text` quick accessor requires the response to contain a valid `Part`  but none were returned. The candidate's [finish_reason](https://ai.google.dev/api/generate-content#finishreason) is 3. The candidate's safety_ratings are: [category: HARM_CATEGORY_SEXUALLY_EXPLICIT\nprobability: NEGLIGIBLE\n  category: HARM_CATEGORY_HATE_SPEECH\nprobability: NEGLIGIBLE\n  category: HARM_CATEGORY_HARASSMENT\nprobability: MEDIUM\n  category: HARM_CATEGORY_DANGEROUS_CONTENT\nprobability: NEGLIGIBLE\n].""  [category: HARM_CATEGORY_SEXUALLY_EXPLICIT probability: NEGLIGIBLE   category: HARM_CATEGORY_HATE_SPEECH probability: NEGLIGIBLE   category: HARM_CATEGORY_HARASSMENT probability: MEDIUM   category: HARM_CATEGORY_DANGEROUS_CONTENT probability: NEGLIGIBLE ])"
Képmutatás árvíz idején; Kivel vitázhat Magyar Péter? | Önkényes Mérvadó #953,https://www.youtube.com/watch?v=iUpPuCRpVA4,2024-10-20T16:00:06Z,"Felvétel dátuma: 2024.09.13

Iratkozz fel a csatornára, és ha teheted, támogasd itt az Önkényes Mérvadót:
https://www.donably.com/szelsokozep

00:31 Képmutatás árvíz idején 
24:00 Kivel vitázhat Magyar Péter? 

Műsorvezetők: Horváth Oszkár, Csízi Ágnes
Szerkesztő: Rónyai Júlia 

YouTube: https://www.youtube.com/@szelsokozepprodukcio
Facebook: https://www.facebook.com/onkenyes
Web: https://onkenyes.hu/","A kormányzati kommunikáció felgyorsult a kormányzati operatív törzs ülésén  ahol Orbán Viktor bejelentette  hogy amíg nem túlvagynak a nehezén  addig nem hagyja el az országot. A miniszterelnök több településről is beszámolt  és a ""Magyarország megcsinálja"" szlogen használatával posztolt. Magyar Péter minderről úgy fogalmazott  a teljes kormányzati propaganda kiköltözött a gátakra. A Tisza-parti Elnök naponta többször posztol erről  és 1000 önkéntessel vesz részt a védekezésben.  Magyar szerint az önkéntesek munkája nélkül sehol nem állna a védekezés  mivel a kormány öt nap alatt csak 1600 katonát tudott kivezényelni  az adófizetők által katasztrófahelyzetekre fizetett 12 000 önkéntes tartalékosról pedig már szó sincs. Így hivatkozva az árvízvédelmi munkára utasította el a közmédia meghívását a 48 perc című műsorba  ahol Orbán Balázs  a miniszterelnök politikai igazgatójával vitázhatott volna. Ehelyett homokzsákot tölteni hívta a Romai partra Orbán Balázst  aki viszont úgy reagált  hogy a Tisza-parti Elnök angolnákat megszégyenítő módon igyekszik kibújni a vita alól.  A vita kapcsán a véleménycikk szerzője Magyar Pétert az első hangadónak nevezi  aki miatt Orbán Viktornak a strasbourgi felszólalását le kellett mondania. Mindenki  akit politikai érdekek kötöttek ehhez  megjelent a gátokon. A szerző szerint önmagában ez nem taszít  hiszen tömegszerencsétlenség esetén a politikai vezetés általában reagál és helyszínel  azonban Orbán Viktornál a ""megtekint"" a megtekintés az esemény megjelenésénél vagy a gát szélénél véget ér.  A szerző kritizálja a kormányt  hogy többszázmilliárd forintnyi adóból sem tudja felkészíteni az országot a szélsőséges helyzetekre  pedig ezek négy-öt évente ismétlődnek. Ezzel szemben a hókotrók lassú elindulására és az első hó miatti meglepettségre utal  és felteszi a kérdést  hogy valóban fel van-e készülve az állam a természeti katasztrófákra.  A szerző a homokzsákok fillérrel történő pakolását a kormányzat sikertelenségének jelének tekinti  kiemelve  hogy a homokzsák-effektívhez több erőforrásra és jobb szervezésre lenne szükség. Itt megjegyzi  hogy Novák Katalin korábbi szereplése is elrontotta a megítélését  és kritizálja  hogy a kormányzati posztolók nem említik a védekezésben való részvétel utáni munkálatokat  például a homokzsákok elpakolását.  A szerző végül a ""mennyit hallod az áradot Tisza szlogánt"" a Tisza-parti Párttal hozza összefüggésbe  amely a természeti katasztrófa miatt fogalmazhatta meg ezt a szlogent  amely azonban később ironikus felhangot kapott. A szerző szerint az árvízvédelem kapcsán a kormánynak el kellett ismernie a klímaváltozás létezését."
Orbán és Magyar az EP-ben; Illúzió | Önkényes Mérvadó #952,https://www.youtube.com/watch?v=in7VorGB76k,2024-10-16T16:00:26Z,"Felvétel dátuma: 2024.10.10.

Iratkozz fel a csatornára, és ha teheted, támogasd itt az Önkényes Mérvadót:
https://www.donably.com/szelsokozep

00:28 Orbán és Magyar az EP-ben - Bevándorlás, Klímaválság, Ki az erős ember?, Mágikus gondolkodás
38:58 Illúzió

Műsorvezetők: Puzsér Róbert, Horváth Oszkár, Egri Viktor
Szerkesztő: Czifrus Réka

Facebook: https://www.facebook.com/onkenyes
Web: https://onkenyes.hu/",Az erős emberek azok  akik nem adják át a hatalmat  és mindent megtesznek azért  hogy megtartsák. De ez nem számít  mert nem a valóság érvel  hanem a mítosz. Nincs jogod elvenni valakitől az illúzióját  amíg nem tudsz adni neki helyette egy valóságot.
A Spiritről a YouTube-ra; Nem akarlak megölni; Megvették Kassai Lajost? | Önkényes Mérvadó #951,https://www.youtube.com/watch?v=4UYIJRB1Oc0,2024-10-12T16:00:28Z,"Iratkozz fel a csatornára, és ha teheted, támogasd itt az Önkényes Mérvadót: https://www.donably.com/szelsokozep 
00:05 - 24:50 A Spiritről a YouTube-ra 
32:12 - 50:14 Csak segítettünk a szomszédban  
01:00:28 - 01:20:26 Nem akarlak megölni 
01:20:26 Megvették Kassai Lajost?  
Műsorvezetők: Horváth Oszkár, Puzsér Róbert, Magyar Dávid 
Szerkesztő: Rónyai Júlia 
Felvétel: 2024.09.13

Támogasd a Szélsőközép szerkesztőségét, ha teheted:
https://www.donably.com/szelsokozep

Kövessetek minket a többi social média platformon is:
Facebook: https://www.facebook.com/szelsokozep/
Instagram: https://www.instagram.com/szelsokozep/
TikTok: https://www.tiktok.com/@szelsokozepprodukcio","A szöveg nagyon hosszú  összetett és az önkényes mérvadó adásának összefoglalását tartalmazza. Az összefoglalás a következő:  **Összegzés**  * A szöveg a következő témákkal foglalkozik:     * A szólásszabadság korlátozása a hagyományos és az újmédiában     * A kormányzati cenzúra és a céges multienzúra     * A ""jó"" és ""rossz"" fogalmának meghamisítása a 20. században     * A bátorság és a gyávaság természete * A szöveg kiemeli  hogy a kultúrák különbözőképpen reagálnak az erőszakra és az erőszak szintje gyakran tükrözi a társadalmi és politikai feszültségeket. * A szöveg megkérdőjelezi a gyávaság fogalmát  és azt állítja  hogy a gondolatban való ölés még nem jelenti azt  hogy az ember valóban meg is öli a másikat. * A szöveg hangsúlyozza a bátorság fontosságát  különösen akkor  amikor a társadalmi normák ellentétesek az egyén elveivel. * A szöveg arra a következtetésre jut  hogy mindenkiben benne van egyszerre a jó és a rossz  és a társadalmi és politikai struktúrák befolyásolják  hogy melyik irányba indulunk és melyiket teljesítjük ki."
